<?xml version="1.0" encoding="UTF-8"?>
<project-private xmlns="http://www.netbeans.org/ns/project-private/1">
    <editor-bookmarks xmlns="http://www.netbeans.org/ns/editor-bookmarks/2" lastBookmarkId="0"/>
    <open-files xmlns="http://www.netbeans.org/ns/projectui-open-files/2">
        <group>
            <file>file:/home/joel/Documents/PADRE/101046-1456977-envoie-des-mails-pieces-jointes-et-du-text/ESIREM%20FILE%20MANAGER/src/CRUD/FileCrud.java</file>
            <file>file:/home/joel/Documents/PADRE/101046-1456977-envoie-des-mails-pieces-jointes-et-du-text/ESIREM%20FILE%20MANAGER/src/ORG/Page.java</file>
            <file>file:/home/joel/Documents/PADRE/101046-1456977-envoie-des-mails-pieces-jointes-et-du-text/ESIREM%20FILE%20MANAGER/src/ORG/run.java</file>
        </group>
    </open-files>
</project-private>
